ST05-VD_,ST05,VD,,,FALSE,6269,31,1081,129706,11334
ST07-ZG_,ST07,ZG,,,FALSE,2852,17,469,56268,4370
ST14-VD_,ST14,VD,,,FALSE,11005,70,2159,259153,14010
ST10-BS_,ST10,BS,,SO,FALSE,9328,15,1506,180788,16122
ST09-AI_,ST09,AI,,,FALSE,32066,540,8977,1077348,39419
ST03-AI_,ST03,AI,,,FALSE,3168,47,788,94569,4082
ST13-BL_,ST13,BL,,SO,FALSE,15009,493,5805,684808,56073
ST09-OW_,ST09,OW,,,FALSE,33535,1556,16837,2010918,56832
ST14-GR_,ST14,GR,,,FALSE,22504,624,6884,819903,49752
ST13-SH_,ST13,SH,,,FALSE,7848,34,1324,158716,15357
ST07-AR_,ST07,AR,,,FALSE,11440,547,6002,720257,19339
ST10-TI_,ST10,TI,,GR,FALSE,79104,1770,23954,2858323,156301
ST11-NE_,ST11,NE,,,FALSE,18712,225,4355,519645,37545
ST14-SH_,ST14,SH,,ZH,FALSE,8241,38,1433,171164,14123
ST02-BE_,ST02,BE,,VS,FALSE,22463,1095,11731,1405972,36867
ST01-NE_,ST01,NE,,,FALSE,12781,459,5399,643832,32741
ST12-SG_,ST12,SG,,AR,FALSE,4413,5,463,51172,13385
ST07-JU_,ST07,JU,,,FALSE,14421,196,2934,332925,43751
ST13-NE_,ST13,NE,,,FALSE,19926,365,5573,666599,40810
ST13-AI_,ST13,AI,,AR,FALSE,9837,85,1862,222875,16559
ST03-ZG_,ST03,ZG,,,FALSE,1513,0,183,21946,10845
ST13-TG_,ST13,TG,,,FALSE,12049,24,2049,245872,18119
ST03-BE_,ST03,BE,,VS,FALSE,20867,1085,11401,1366329,36265
ST09-ZH_,ST09,ZH,,,FALSE,10322,23,1386,162219,34923
ST01-VD_,ST01,VD,,,FALSE,520,0,61,7293,867
ST07-VS_,ST07,VS,,,FALSE,31591,1158,12983,1533417,89154
ST15-VS_,ST15,VS,,,FALSE,26849,1244,14048,1685854,33017
ST13-AG_,ST13,AG,,LU,FALSE,6689,28,1173,140819,8837
ST08-SG_,ST08,SG,,,FALSE,2596,14,339,39617,7571
ST15-NW_,ST15,NW,,LU,FALSE,13730,144,2881,343398,26236
ST12-AR_,ST12,AR,,,FALSE,11285,562,6056,726724,16233
ST04-GL_,ST04,GL,,,FALSE,17320,500,6391,766973,22416
ST03-SG_,ST03,SG,,,FALSE,1659,107,994,119250,2131
ST06-AI_,ST06,AI,,,FALSE,5905,63,1296,155586,7769
ST10-UR_,ST10,UR,,,FALSE,21244,451,6560,782333,39874
ST15-SH_,ST15,SH,,ZH,TRUE,9951,10,1472,175784,15594
ST05-BL_,ST05,BL,,SO,FALSE,6955,150,1941,229999,35489
ST08-VD_,ST08,VD,,,FALSE,8892,62,1785,214193,13440
ST10-AG_,ST10,AG,,LU,FALSE,5519,26,1002,120238,8651
ST10-LU_,ST10,LU,,AG,FALSE,14020,206,3406,400789,35427
ST09-BS_,ST09,BS,,,FALSE,6286,8,1015,121754,9096
ST05-UR_,ST05,UR,,SZ-LU,FALSE,58604,712,13833,1652067,105924
ST14-VS_,ST14,VS,,UR-TI,FALSE,52104,1948,22062,2612437,111252
ST03-TI_,ST03,TI,,GR,FALSE,37931,887,11718,1390897,97380
ST02-AI_,ST02,AI,,,FALSE,1739,23,410,49205,2300
ST15-AI_,ST15,AI,,,FALSE,13378,110,2644,314563,22499
ST10-SZ_,ST10,SZ,,,FALSE,15047,416,5460,655233,20447
ST02-SO_,ST02,SO,,,FALSE,9266,78,1896,227548,18207
ST06-TI_,ST06,TI,,GR,FALSE,31033,876,10983,1310595,78063
ST04-ZH_,ST04,ZH,,,FALSE,6164,8,950,114051,14932
ST01-OW_,ST01,OW,,,FALSE,56255,2178,24289,2888427,116680
ST15-TI_,ST15,TI,,GR,FALSE,21903,879,10047,1204023,53853
ST11-JU_,ST11,JU,,,FALSE,21644,250,4280,493162,57138
ST12-SH_,ST12,SH,,TG-ZH,FALSE,8216,29,1431,171486,15350
ST06-ZH_,ST06,ZH,,,FALSE,8533,62,1459,170912,28206
ST07-OW_,ST07,OW,,,FALSE,50586,2050,22740,2707252,95903
ST09-SZ_,ST09,SZ,,,FALSE,11322,603,6463,770749,19054
ST08-ZH_,ST08,ZH,,,FALSE,10732,20,1388,162584,46844
ST13-FR_,ST13,FR,,,FALSE,8013,43,1146,134750,25793
ST05-TG_,ST05,TG,,,FALSE,6001,20,1035,124187,11110
ST11-LU_,ST11,LU,,,FALSE,24392,167,4920,589129,33275
ST15-BE_,ST15,BE,,,FALSE,31415,1866,18987,2276224,55751
ST03-VS_,ST03,VS,,,FALSE,17955,1131,11756,1410711,26565
ST12-GE_,ST12,GE,,,FALSE,8187,6,1352,162310,14232
ST08-SZ_,ST08,SZ,,,FALSE,11281,163,2877,345302,15665
ST07-BE_,ST07,BE,,VS,FALSE,29595,1123,13064,1565955,45991
ST12-GL_,ST12,GL,,GR,FALSE,124465,1600,28722,3427838,214434
ST05-SG_,ST05,SG,,,FALSE,1983,106,1045,125365,3037
ST14-ZH_,ST14,ZH,,,FALSE,9696,57,1646,191797,37372
ST02-SZ_,ST02,SZ,,,FALSE,7914,86,1788,214542,10193
ST01-FR_,ST01,FR,,,FALSE,1059,1,125,15002,13020
ST13-BS_,ST13,BS,,SO,FALSE,12134,24,1969,236283,17354
ST03-GR_,ST03,GR,,,FALSE,5505,153,1825,218756,9017
ST04-TG_,ST04,TG,,,FALSE,5216,18,894,107341,10911
ST13-ZH_,ST13,ZH,,,FALSE,10166,2,1341,155321,28971
ST12-AG_,ST12,AG,,,FALSE,6405,42,1216,142958,11153
ST10-VS_,ST10,VS,,,FALSE,22021,1179,12763,1531609,27065
ST06-FR_,ST06,FR,,,FALSE,4368,38,763,90146,20256
ST03-FR_,ST03,FR,,,FALSE,2319,6,317,38027,11488
ST07-GL_,ST07,GL,,,FALSE,17158,532,6610,793197,24989
ST10-GR_,ST10,GR,,,FALSE,18633,535,5662,673272,42039
ST05-LU_,ST05,LU,,,FALSE,8708,9,1457,174902,13098
ST05-FR_,ST05,FR,,,FALSE,4897,16,681,80361,36411
ST10-NW_,ST10,NW,,LU,FALSE,10274,125,2227,264872,23140
ST07-ZH_,ST07,ZH,,,FALSE,9577,23,1312,153239,28743
ST14-LU_,ST14,LU,,,FALSE,23237,138,4497,539440,30799
ST12-OW_,ST12,OW,,,FALSE,26014,1551,15924,1910074,71924
ST14-GL_,ST14,GL,,GR,FALSE,119958,1611,28240,3370017,208281
ST02-BL_,ST02,BL,,,FALSE,7068,164,2155,256137,32311
ST03-AG_,ST03,AG,,,FALSE,3205,25,545,61944,16700
ST14-BE_,ST14,BE,,VS-UR,FALSE,28596,1286,13318,1573579,222901
ST15-TG_,ST15,TG,,,FALSE,20044,168,4080,487689,37000
ST09-NE_,ST09,NE,,,FALSE,16739,228,4059,484116,36620
ST13-OW_,ST13,OW,,,FALSE,52560,1594,19478,2318798,88522
ST11-ZG_,ST11,ZG,,,FALSE,3922,4,609,73141,6137
ST08-FR_,ST08,FR,,,FALSE,4485,51,966,115957,17149
ST06-GL_,ST06,GL,,,FALSE,24411,519,7429,891151,32032
ST14-SZ_,ST14,SZ,,,FALSE,14730,376,5112,613531,18765
ST15-SZ_,ST15,SZ,,,FALSE,12901,603,6722,801892,22422
ST09-VS_,ST09,VS,,UR,FALSE,36531,1436,15603,1836235,212804
ST05-AI_,ST05,AI,,,FALSE,6408,79,1512,181496,13161
ST09-TG_,ST09,TG,,,FALSE,10443,30,1775,212979,15465
ST08-VS_,ST08,VS,,,FALSE,20876,1164,12482,1497935,25617
ST03-JU_,ST03,JU,,,FALSE,10392,301,3593,416917,29575
ST12-VS_,ST12,VS,,UR,FALSE,41417,1749,18833,2223941,248780
ST13-SG_,ST13,SG,,AR,FALSE,7766,64,1509,178560,16678
ST10-SG_,ST10,SG,,,FALSE,3323,102,1227,147301,8918
ST04-AI_,ST04,AI,,,FALSE,4327,63,1071,128561,5232
ST07-NW_,ST07,NW,,,FALSE,7639,7,1134,136102,10508
ST11-GR_,ST11,GR,,,FALSE,24073,612,6971,830313,49539
ST10-BL_,ST10,BL,,SO,FALSE,15055,358,4670,557126,53213
ST08-SO_,ST08,SO,,,FALSE,12290,57,2273,272736,21213
ST02-LU_,ST02,LU,,,FALSE,3185,11,539,64702,8630
ST07-SO_,ST07,SO,,,FALSE,10825,78,2148,257804,18644
ST08-NE_,ST08,NE,,,FALSE,19236,510,6703,800054,42652
ST11-BS_,ST11,BS,,,FALSE,9757,28,1652,198229,12535
ST06-BL_,ST06,BL,,,FALSE,7467,189,2473,295328,32365
ST04-GR_,ST04,GR,,,FALSE,7286,42,1315,157869,9023
ST01-AG_,ST01,AG,,,FALSE,1056,2,98,8603,10236
ST15-OW_,ST15,OW,,,FALSE,43957,1570,18561,2226523,55517
ST02-VS_,ST02,VS,,,FALSE,13744,1136,11149,1337952,16242
ST13-VD_,ST13,VD,,,FALSE,19321,518,6736,804730,28914
ST08-NW_,ST08,NW,,LU,FALSE,9183,132,2080,247266,20772
ST13-LU_,ST13,LU,,,FALSE,23983,161,4821,577205,31309
ST11-VS_,ST11,VS,,,FALSE,23654,1204,13221,1586572,29121
ST12-TG_,ST12,TG,,,FALSE,11229,31,1919,230288,16118
ST14-SO_,ST14,SO,,,FALSE,11849,100,2432,291822,22835
ST06-SZ_,ST06,SZ,,,FALSE,14764,601,7014,836870,23203
ST01-AR_,ST01,AR,,,FALSE,2932,139,1459,175113,6880
ST07-SH_,ST07,SH,,,FALSE,3968,27,723,86580,12466
ST12-ZG_,ST12,ZG,,,FALSE,3909,2,535,64180,6010
ST12-BL_,ST12,BL,,SO,FALSE,14419,357,4541,541604,47242
ST04-UR_,ST04,UR,,SZ-LU,FALSE,66667,786,15599,1863194,112031
ST04-JU_,ST04,JU,,,FALSE,12757,268,3417,391949,47931
ST12-BE_,ST12,BE,,VS,FALSE,34572,1183,14310,1715517,55179
ST12-UR_,ST12,UR,,SZ-LU,FALSE,66863,727,14636,1743078,118853
ST10-ZG_,ST10,ZG,,,FALSE,3275,4,538,64582,13202
ST06-ZG_,ST06,ZG,,,FALSE,1824,3,290,34837,2457
ST07-SG_,ST07,SG,,,FALSE,2682,101,1139,136679,9113
ST14-JU_,ST14,JU,,,FALSE,19493,399,5650,663819,40082
ST01-GL_,ST01,GL,,,FALSE,20353,519,6890,826798,26841
ST08-BL_,ST08,BL,,SO,FALSE,13189,339,4207,501447,45297
ST14-UR_,ST14,UR,,SZ-LU-ZG,FALSE,60798,737,14460,1726505,101169
ST12-GR_,ST12,GR,,,FALSE,20703,594,6437,766242,44189
ST11-OW_,ST11,OW,,,FALSE,42638,1608,18067,2146519,85912
ST14-NE_,ST14,NE,,,FALSE,25094,661,8768,1044397,54016
ST11-AR_,ST11,AR,,,FALSE,9602,189,2625,309384,28481
ST02-FR_,ST02,FR,,,FALSE,2665,0,235,26750,15440
ST02-SG_,ST02,SG,,,FALSE,1127,78,697,83649,2417
ST15-VD_,ST15,VD,,,FALSE,19372,533,6805,812966,29133
ST06-OW_,ST06,OW,,,FALSE,51345,2054,22853,2720802,97543
ST04-NW_,ST04,NW,,,FALSE,6331,131,1595,189032,23046
ST08-BS_,ST08,BS,,,FALSE,5865,20,1034,124031,10526
ST04-ZG_,ST04,ZG,,,FALSE,2028,0,268,32128,4447
ST14-BL_,ST14,BL,,SO,FALSE,20650,386,5736,685013,65165
ST12-JU_,ST12,JU,,,FALSE,18879,410,5639,661989,41251
ST03-NE_,ST03,NE,,,FALSE,12248,473,5355,638285,34938
ST14-TI_,ST14,TI,,UR-GR,FALSE,48470,1124,14698,1733979,129591
ST11-SG_,ST11,SG,,AR,FALSE,4484,64,1072,128112,7958
ST03-VD_,ST03,VD,,,FALSE,2090,2,265,31800,4246
ST04-TI_,ST04,TI,,GR,FALSE,33827,881,11400,1361445,86384
ST11-SZ_,ST11,SZ,,,FALSE,10999,604,6410,764500,19287
ST03-BL_,ST03,BL,,,FALSE,5586,153,1928,229982,29382
ST15-GL_,ST15,GL,,,FALSE,20653,571,7410,889257,26972
ST13-SO_,ST13,SO,,,FALSE,12392,38,2107,252878,19613
ST05-SZ_,ST05,SZ,,,FALSE,10612,599,6326,754328,18374
ST12-LU_,ST12,LU,,,FALSE,15168,303,4324,510996,30618
ST13-JU_,ST13,JU,,,FALSE,19394,418,5651,663909,46779
ST15-LU_,ST15,LU,,,FALSE,19376,118,3792,454924,25685
ST07-BL_,ST07,BL,,,FALSE,7119,139,2069,248327,33355
ST06-NE_,ST06,NE,,,FALSE,14960,474,5839,696442,38475
ST08-GL_,ST08,GL,,,FALSE,26278,529,7688,922266,67926
ST09-TI_,ST09,TI,,UR-GR,FALSE,43043,902,12158,1429140,122867
ST14-NW_,ST14,NW,,LU,FALSE,20107,169,3957,471859,35335
ST15-SG_,ST15,SG,,AR,FALSE,5118,19,640,72253,17227
ST14-AG_,ST14,AG,,,FALSE,7834,54,1530,180709,20080
ST11-ZH_,ST11,ZH,,,FALSE,10901,23,1474,172691,30138
ST06-BS_,ST06,BS,,,FALSE,4181,11,751,90076,7974
ST14-FR_,ST14,FR,,,FALSE,7921,41,1383,166025,19540
ST02-NW_,ST02,NW,,,FALSE,4784,119,1286,151865,14825
ST03-LU_,ST03,LU,,,FALSE,7174,20,1239,148636,11658
ST15-GE_,ST15,GE,,,FALSE,7862,20,1216,145997,12108
ST06-AR_,ST06,AR,,,FALSE,10781,510,5555,666563,18153
ST02-AR_,ST02,AR,,,FALSE,5727,294,3092,369771,15250
ST05-AG_,ST05,AG,,LU,FALSE,3305,32,664,79724,4863
ST01-TG_,ST01,TG,,,FALSE,593,4,99,11899,6240
ST02-ZG_,ST02,ZG,,,FALSE,1023,0,130,15557,12573
ST01-AI_,ST01,AI,,,FALSE,104,0,12,1478,495
ST04-AG_,ST04,AG,,,FALSE,3037,23,506,57364,23062
ST08-BE_,ST08,BE,,VS,FALSE,18770,695,7468,883054,63275
ST10-VD_,ST10,VD,,,FALSE,17289,526,6431,768154,26929
ST01-SG_,ST01,SG,,,FALSE,645,57,460,55146,5641
ST02-VD_,ST02,VD,,,FALSE,1229,3,206,24772,3246
ST12-BS_,ST12,BS,,,FALSE,10890,29,1877,225262,23570
ST11-SO_,ST11,SO,,,FALSE,12148,37,2128,255381,20241
ST03-BS_,ST03,BS,,,FALSE,3012,10,493,59126,7463
ST04-SO_,ST04,SO,,,FALSE,10564,46,1736,208361,23195
ST08-SH_,ST08,SH,,ZH,FALSE,4564,22,789,94447,9749
ST07-UR_,ST07,UR,,SZ-LU,FALSE,63486,777,15016,1793202,113246
ST07-TI_,ST07,TI,,GR,FALSE,29701,876,10775,1285143,75877
ST15-ZH_,ST15,ZH,,,FALSE,8109,14,1379,165448,20719
ST13-NW_,ST13,NW,,OW,FALSE,15128,152,3161,376866,24318
ST10-GL_,ST10,GL,,,FALSE,19876,565,7255,870693,25589
ST09-AR_,ST09,AR,,,FALSE,11652,562,6144,737300,22036
ST10-JU_,ST10,JU,,,FALSE,17087,405,5203,610101,46230
ST09-NW_,ST09,NW,,,FALSE,8369,7,1204,144504,30426
ST01-SH_,ST01,SH,,ZH,FALSE,2956,49,709,84266,17006
ST14-BS_,ST14,BS,,AG,FALSE,11560,30,2008,240972,14666
ST12-VD_,ST12,VD,,,FALSE,10118,72,2019,242297,13167
ST02-OW_,ST02,OW,,,FALSE,57187,2186,24490,2913682,111591
ST07-FR_,ST07,FR,,,FALSE,3612,20,605,72626,13640
ST06-LU_,ST06,LU,,,FALSE,10127,45,1835,220187,15801
ST12-SZ_,ST12,SZ,,,FALSE,16303,503,6353,762356,25704
ST04-OW_,ST04,OW,,,FALSE,56716,2179,24385,2901100,110666
ST15-SO_,ST15,SO,,,FALSE,16727,35,2630,315627,25636
ST13-BE_,ST13,BE,,VS,FALSE,35568,1203,14630,1753873,53391
ST08-TG_,ST08,TG,,,FALSE,10726,12,1608,193031,16025
ST02-AG_,ST02,AG,,,FALSE,2847,3,376,42205,7878
ST08-LU_,ST08,LU,,AG,FALSE,13155,197,3233,379962,32699
ST14-GE_,ST14,GE,,,FALSE,9001,6,1477,177217,16265
ST08-GE_,ST08,GE,,,FALSE,5223,22,908,109042,7467
ST04-BE_,ST04,BE,,VS,FALSE,25255,1101,12209,1463338,42433
ST05-SO_,ST05,SO,,,FALSE,10685,58,2034,244092,19898
ST09-GR_,ST09,GR,,,FALSE,14393,60,2434,291823,18854
ST15-FR_,ST15,FR,,,FALSE,10000,61,1878,225420,21184
ST06-AG_,ST06,AG,,,FALSE,3661,17,577,65808,15273
ST05-SH_,ST05,SH,,,FALSE,1804,25,357,42625,20930
ST07-BS_,ST07,BS,,,FALSE,5793,17,1005,120646,13873
ST13-TI_,ST13,TI,,GR,FALSE,23317,881,10166,1217537,58565
ST01-BL_,ST01,BL,,,FALSE,3008,92,1107,132842,33118
ST09-FR_,ST09,FR,,,FALSE,6894,27,1079,128054,20311
ST13-AR_,ST13,AR,,,FALSE,9206,560,5733,687986,17245
ST08-ZG_,ST08,ZG,,,FALSE,2733,0,380,45637,5234
ST10-SO_,ST10,SO,,,FALSE,11286,44,1954,234549,21244
ST15-NE_,ST15,NE,,,FALSE,19534,305,4994,597066,40772
ST14-ZG_,ST14,ZG,,,FALSE,4713,6,772,92618,6817
ST07-SZ_,ST07,SZ,,,FALSE,15766,424,5625,675065,25331
ST04-BS_,ST04,BS,,,FALSE,2803,11,522,62648,4975
ST04-AR_,ST04,AR,,,FALSE,8149,175,2344,276259,21559
ST14-OW_,ST14,OW,,,FALSE,24359,1551,15697,1882757,35653
ST11-TI_,ST11,TI,,GR,FALSE,25168,876,10321,1234691,63402
ST01-UR_,ST01,UR,,SZ-LU,FALSE,79591,1240,20512,2438952,166940
ST12-TI_,ST12,TI,,GR,FALSE,56554,1704,21054,2520015,114242
ST04-SG_,ST04,SG,,,FALSE,1062,11,200,24019,11226
ST11-BL_,ST11,BL,,SO,FALSE,17392,364,5096,608244,55345
ST01-VS_,ST01,VS,,,FALSE,15556,1130,11418,1370123,19676
ST03-ZH_,ST03,ZH,,,FALSE,5322,12,903,108363,14062
ST01-TI_,ST01,TI,,GR,FALSE,62922,1715,21835,2613271,115899
ST04-VD_,ST04,VD,,,FALSE,4218,8,658,78971,6052
ST05-AR_,ST05,AR,,,FALSE,10955,425,4925,591059,19368
ST05-JU_,ST05,JU,,,FALSE,13632,377,4483,523720,53705
ST11-NW_,ST11,NW,,LU,FALSE,11696,129,2464,293348,23817
ST04-VS_,ST04,VS,,,FALSE,16536,1142,11628,1395319,21808
ST13-GE_,ST13,GE,,,FALSE,6485,18,1001,120094,9998
ST08-AI_,ST08,AI,,,FALSE,8104,62,1452,173690,14500
ST03-NW_,ST03,NW,,,FALSE,3719,7,606,72768,11065
ST06-SH_,ST06,SH,,,FALSE,4025,40,666,78510,11804
ST05-BE_,ST05,BE,,VS,FALSE,11735,671,6775,811231,23353
ST14-SG_,ST14,SG,,AR,FALSE,6885,61,1352,159684,12529
ST09-VD_,ST09,VD,,,FALSE,12086,356,4424,527960,21310
ST03-OW_,ST03,OW,,,FALSE,51874,2052,22934,2730508,97684
ST09-SG_,ST09,SG,,,FALSE,2810,56,814,97083,5185
ST04-LU_,ST04,LU,,,FALSE,5852,23,1006,120752,10607
ST07-LU_,ST07,LU,,AG,FALSE,11597,152,2709,317459,25376
ST03-TG_,ST03,TG,,,FALSE,3297,13,552,66190,7230
ST03-GE_,ST03,GE,,,FALSE,2386,1,294,35304,6539
ST02-UR_,ST02,UR,,SZ-LU,FALSE,70038,813,16279,1944771,111012
ST01-BE_,ST01,BE,,VS,FALSE,18621,1071,10969,1314503,37297
ST11-AG_,ST11,AG,,,FALSE,6719,37,1177,137803,13197
ST09-GE_,ST09,GE,,,FALSE,5333,18,888,106522,7323
ST01-NW_,ST01,NW,,,FALSE,1935,17,391,46877,20949
ST12-AI_,ST12,AI,,,FALSE,25141,529,7845,941468,34217
ST11-UR_,ST11,UR,,,FALSE,24400,453,6982,832937,48889
ST02-GR_,ST02,GR,,,FALSE,2206,28,506,60716,3620
ST04-SH_,ST04,SH,,ZH,FALSE,2188,20,415,49040,7128
ST10-GE_,ST10,GE,,,FALSE,7427,4,1215,145809,10081
ST13-VS_,ST13,VS,,,FALSE,25853,1223,13729,1647498,34805
ST02-BS_,ST02,BS,,,FALSE,2263,15,439,52679,5014
ST15-JU_,ST15,JU,,,FALSE,18239,174,3185,361736,52618
ST10-BE_,ST10,BE,,VS,FALSE,32373,1164,13803,1654592,49495
ST04-NE_,ST04,NE,,,FALSE,11523,481,5314,633327,34501
ST01-SZ_,ST01,SZ,,,FALSE,6104,26,1144,137280,6976
ST14-AR_,ST14,AR,,,FALSE,10279,194,2753,324825,24679
ST13-SZ_,ST13,SZ,,,FALSE,12013,87,2277,272496,17993
ST04-BL_,ST04,BL,,,FALSE,6263,173,2084,244845,35457
ST11-GE_,ST11,GE,,,FALSE,7062,16,1081,129711,81220
ST06-BE_,ST06,BE,,VS,FALSE,26609,1100,12372,1482933,46459
ST06-NW_,ST06,NW,,OW,FALSE,10443,100,1992,237337,19593
ST10-AR_,ST10,AR,,,FALSE,11720,549,6014,721740,17604
ST05-ZG_,ST05,ZG,,,FALSE,2141,0,313,37559,3871
ST05-NW_,ST05,NW,,OW,FALSE,8543,104,1762,209781,18646
ST04-GE_,ST04,GE,,,FALSE,4352,8,687,82463,6623
ST05-BS_,ST05,BS,,,FALSE,3262,16,610,73159,48796
ST12-NW_,ST12,NW,,,FALSE,10795,10,1556,186705,19523
ST07-TG_,ST07,TG,,,FALSE,7767,14,1245,149365,12191
ST09-ZG_,ST09,ZG,,,FALSE,3134,3,506,60691,5077
ST09-AG_,ST09,AG,,,FALSE,5684,41,1033,120549,12120
ST05-GR_,ST05,GR,,,FALSE,12704,356,4253,507022,25331
ST04-FR_,ST04,FR,,,FALSE,5008,39,961,115148,26724
ST10-OW_,ST10,OW,,,FALSE,29895,1548,16501,1979330,48942
ST13-GR_,ST13,GR,,,FALSE,28167,620,7636,910071,54814
ST04-SZ_,ST04,SZ,,,FALSE,9311,602,6126,730407,28616
ST11-VD_,ST11,VD,,,FALSE,16304,526,6273,749168,26030
ST06-UR_,ST06,UR,,SZ-LU,FALSE,89364,1578,23439,2782002,201129
ST10-SH_,ST10,SH,,ZH,TRUE,6177,1,855,101806,15794
ST06-SG_,ST06,SG,,,FALSE,2528,130,1311,157275,4717
ST14-TG_,ST14,TG,,,FALSE,14391,14,2068,246736,23487
ST02-GL_,ST02,GL,,,FALSE,22742,528,7267,871779,31764
ST07-NE_,ST07,NE,,,FALSE,15328,464,5752,685959,36663
ST09-BL_,ST09,BL,,,FALSE,9973,162,2651,318151,35590
ST06-GE_,ST06,GE,,,FALSE,6893,4,1115,133806,34121
ST15-BL_,ST15,BL,,SO,FALSE,16764,350,4870,581082,53875
ST12-ZH_,ST12,ZH,,,FALSE,9430,56,1568,182472,28047
ST01-LU_,ST01,LU,,,FALSE,3950,3,634,76065,7616
ST07-VD_,ST07,VD,,,FALSE,7586,58,1520,181687,12439
ST08-AG_,ST08,AG,,,FALSE,4939,15,726,83708,11226
ST01-GE_,ST01,GE,,,FALSE,1344,0,157,18783,5470
ST06-JU_,ST06,JU,,,FALSE,12654,340,4210,491001,34235
ST06-SO_,ST06,SO,,,FALSE,11073,61,2114,253754,19272
ST01-ZH_,ST01,ZH,,,FALSE,2084,2,330,39628,12020
ST15-AG_,ST15,AG,,LU,FALSE,8080,32,1421,170477,10845
ST08-GR_,ST08,GR,,,FALSE,20176,539,5942,706853,43457
ST02-ZH_,ST02,ZH,,,FALSE,3211,4,509,61107,11657
ST09-JU_,ST09,JU,,,FALSE,16717,389,5117,599804,37286
ST15-GR_,ST15,GR,,,FALSE,29974,617,7875,938852,56839
ST06-VD_,ST06,VD,,,FALSE,8858,319,3694,440317,16396
ST01-GR_,ST01,GR,,,FALSE,704,25,239,28639,19182
ST05-GL_,ST05,GL,,,FALSE,15364,507,6132,735921,20983
ST02-TG_,ST02,TG,,,FALSE,2423,4,392,47051,7033
ST10-ZH_,ST10,ZH,,,FALSE,6999,15,1193,143226,15889
ST10-NE_,ST10,NE,,,FALSE,17730,225,4189,499775,36468
ST01-JU_,ST01,JU,,,FALSE,1695,6,192,21276,5284
ST12-FR_,ST12,FR,,,FALSE,5391,26,932,111892,15356
ST05-TI_,ST05,TI,,GR,FALSE,32980,881,11304,1349594,79292
ST02-NE_,ST02,NE,,,FALSE,12280,480,5452,649908,33200
ST15-AR_,ST15,AR,,,FALSE,13126,512,5956,714710,18470
ST08-TI_,ST08,TI,,GR,FALSE,26591,878,10453,1248853,68115
ST10-FR_,ST10,FR,,,FALSE,5259,58,1132,135897,22786
ST10-TG_,ST10,TG,,,FALSE,14060,225,3490,411224,28574
ST09-GL_,ST09,GL,,,FALSE,26171,521,7655,918314,34734
ST06-VS_,ST06,VS,,,FALSE,24440,1132,12258,1457788,49132
ST01-BS_,ST01,BS,,,FALSE,1202,3,166,19907,11636
ST02-JU_,ST02,JU,,,FALSE,12490,349,4130,481414,37750
ST08-AR_,ST08,AR,,,FALSE,8664,184,2456,289810,21806
ST09-BE_,ST09,BE,,VS,FALSE,30740,1139,13345,1599628,47439
ST03-SO_,ST03,SO,,,FALSE,9176,106,2099,251907,22199
ST11-FR_,ST11,FR,,,FALSE,7119,44,1286,151808,20738
ST03-AR_,ST03,AR,,,FALSE,8651,345,3906,468794,13350
ST05-OW_,ST05,OW,,,FALSE,57243,2178,24451,2909067,116538
ST02-SH_,ST02,SH,,,FALSE,1625,15,254,30325,10705
ST07-AI_,ST07,AI,,,FALSE,9680,79,1881,223861,16067
ST12-NE_,ST12,NE,,,FALSE,17083,239,4309,516713,32644
ST06-GR_,ST06,GR,,,FALSE,9568,63,1758,210663,12091
ST06-TG_,ST06,TG,,,FALSE,7177,31,1255,150578,12954
ST03-UR_,ST03,UR,,SZ-LU,FALSE,85945,1576,22897,2716977,196178
ST02-GE_,ST02,GE,,,FALSE,2598,2,384,46062,6770
ST05-VS_,ST05,VS,,,FALSE,17890,1141,11791,1414913,25834
ST07-GR_,ST07,GR,,,FALSE,21947,589,7310,862576,48593
ST13-GL_,ST13,GL,,GR,FALSE,122295,1584,28297,3376896,228613
ST15-ZG_,ST15,ZG,,,FALSE,5616,9,937,112409,8721
ST09-SO_,ST09,SO,,,FALSE,12864,70,2411,289294,23307
ST13-UR_,ST13,UR,,,FALSE,19329,454,6376,760191,42959
ST10-AI_,ST10,AI,,,FALSE,11612,83,2185,259522,18801
ST01-ZG_,ST01,ZG,,,FALSE,320,0,44,5282,1756
ST15-BS_,ST15,BS,,,FALSE,14659,50,2428,291361,19060
ST12-SO_,ST12,SO,,,FALSE,15710,35,2522,302621,23315
ST09-LU_,ST09,LU,,AG,FALSE,13962,204,3386,398390,41774
ST03-GL_,ST03,GL,,,FALSE,19140,528,6761,811367,25539
ST13-ZG_,ST13,ZG,,,FALSE,3994,2,622,74673,5099
ST11-AI_,ST11,AI,,,FALSE,12730,106,2511,298614,19962
ST08-OW_,ST08,OW,,,FALSE,37781,1577,17522,2092013,64515
ST05-ZH_,ST05,ZH,,,FALSE,9181,25,1288,150372,40877
ST08-UR_,ST08,UR,,SZ-LU,FALSE,61552,743,14252,1698998,137361
ST11-TG_,ST11,TG,,,FALSE,14703,159,3114,370137,26765
ST01-SO_,ST01,SO,,,FALSE,4146,29,823,98801,11364
ST03-SZ_,ST03,SZ,,,FALSE,12401,600,6621,789750,20601
ST09-UR_,ST09,UR,,,FALSE,21974,451,6630,790735,59792
ST08-JU_,ST08,JU,,,FALSE,15041,366,4761,557111,35920
ST11-SH_,ST11,SH,,ZH,FALSE,6372,23,1087,130153,20323
ST03-SH_,ST03,SH,,,FALSE,1390,0,113,12228,6761
ST11-BE_,ST11,BE,,VS-UR,FALSE,23710,973,10087,1185872,186925
ST14-AI_,ST14,AI,,AR,FALSE,10280,79,1900,227514,17070
ST05-GE_,ST05,GE,,,FALSE,3530,8,499,59862,27778
ST05-NE_,ST05,NE,,,FALSE,13093,487,5620,670150,34511
ST07-GE_,ST07,GE,,,FALSE,4353,22,767,91996,6291
ST09-SH_,ST09,SH,,,FALSE,5469,38,897,106255,14327
ST11-GL_,ST11,GL,,GR,FALSE,129545,1614,29578,3525097,219837
ST02-TI_,ST02,TI,,GR,FALSE,72331,1747,23126,2760183,152184
ST07-AG_,ST07,AG,,,FALSE,4142,29,717,82586,14302
